ExamineeID,Name
1,Karen Thompson
2,Daniel Ellis
3,Larry Thompson
4,Ashley Kidd
5,Barbara Ramirez
6,James Flores
7,Frank Mcbride
8,Jane Fernandez
9,John Mcdonald
10,Jamie Lang DDS
11,Adam Sims
12,James Reyes
13,Shannon Price
14,Andrew Thomas
15,Samantha Harris
16,Melissa Guzman
17,David Frazier
18,Christopher Salazar
19,Javier Brown
20,Mike Morris
21,Patrick Perez
22,Candice Rodgers
23,Gail Russell
24,Zachary Chavez Jr.
25,Randy Freeman
26,Kathryn Garcia DDS
27,Linda Costa
28,Dominique Williams
29,Teresa Moore
30,Justin Adams
31,Sharon Smith
32,Michael Stevens
33,Oscar Griffin
34,Erik Harris
35,Michael Archer
36,James Jones
37,David Cunningham
38,Matthew Acevedo
39,Nancy Harris MD
40,Charles Kelly
